Item Name <EXCLUDE>;Item Image
[Altus] Golden Alchemic;
[Bloodloss] Bloody Extract;[Bloodloss]-Bloody-Extract
[Caelid] Aeonian Alchemic;
[Common] Essential Alchemic;[Common]-Essential-Alchemic
[Crystal] Crystalline Amalgamate;[Crystal]-Crystalline-Amalgamate
[Deathblight] Blighted Extract;[Deathblight]-Blighted-Extract
[Dungeons] Mildewy Amalgamate;[Dungeons]-Mildewy-Amalgamate
[Fire] Blazing Substance;[Fire]-Blazing-Substance
[Flesh] Gory Amalgamate;[Flesh]-Gory-Amalgamate
[Frostbite] Rimed Extract;[Frostbite]-Rimed-Extract
[Gold] Golden Amalgamate;[Gold]-Golden-Amalgamate
[Holy] Blessed Substance;[Holy]-Blessed-Substance
[Legendary] Miraculous Alchemic;[Legendary]-Miraculous-Alchemic
[Lightning] Crackling Substance;[Lightning]-Crackling-Substance
[Limgrave] Veiled Alchemic;
[Liurnia] Raya Lucarian Alchemic;
[Madness] Maddening Extract;[Madness]-Maddening-Extract
[Magic] Glimmering Substance;[Magic]-Glimmering-Substance
[Mountaintops] Frigid Alchemic;
[Perfumer] Fragrant Amalgamate;[Perfumer]-Fragrant-Amalgamate
[Poison] Noxious Extract;[Poison]-Noxious-Extract
[Rare] Ingenious Alchemic;[Rare]-Ingenious-Alchemic
[Resin] Adhesive Amalgamate;[Resin]-Adhesive-Amalgamate
[Scarlet Rot] Scarlet Extract;[Scarlet-Rot]-Scarlet-Extract
[Silver] Silvery Amalgamate;[Silver]-Silvery-Amalgamate
[Siofra Ainsel] Starry Amalgamate;[Siofra-Ainsel]-Starry-Amalgamate
[Sleep] Sedative Extract;[Sleep]-Sedative-Extract
Academy Magic Pot;Academy-Magic-Pot
Acid Spraymist;Acid-Spraymist
Aeonian Butterfly;Aeonian-Butterfly
Albinauric Bloodclot;Albinauric-Bloodclot
Albinauric Pot;Albinauric-Pot
Alluring Pot;Alluring-Pot
Altus Bloom;Altus-Bloom
Ancient Dragonbolt Pot;Ancient-Dragonbolt-Pot
Arteria Leaf;Arteria-Leaf
Beast Blood;Beast-Blood
Beast Liver;Beast-Liver
Beastlure Pot;Beastlure-Pot
Bewitching Branch;Bewitching-Branch
Blightbone Arrow;Blightbone
Blood Grease;Blood-Grease
Bloodboil Aromatic;Bloodboil-Aromatic
Bloodbone Arrow;Bloodbone-Arrow-(Fletched)
Bloodbone Bolt;Bloodbone-Bolt
Bloodrose;Bloodrose
Blood-Tainted Excrement;Blood-Tainted-Excrement
Bone Arrow;Bone-Arrow-(Fletched)
Bone Ballista Bolt;Bone-Ballista-Bolt
Bone Bolt;Bone-Bolt
Bone Dart;Bone-Dart
Bone Great Arrow;Bone-Great-Arrow-(Fletched)
Budding Cave Moss;Budding-Cave-Moss
Budding Horn;Budding-Horn
Cave Moss;Cave-Moss
Clarifying Boluses;Clarifying-Boluses
Clarifying Cured Meat;Clarifying-Cured-Meat
Clarifying White Cured Meat;Clarifying-White-Cured-Meat
Coldbone Arrow;Coldbone-Arrow-(Fletched)
Coldbone Bolt;Coldbone-Bolt
Crab Eggs;Crab-Eggs
Cracked Crystal;Cracked-Crystal
Crystal Bud;Crystal-Bud
Crystal Cave Moss;Crystal-Cave-Moss
Crystal Dart;Crystal-Dart
Cuckoo Glintstone;Cuckoo-Glintstone
Cursed-Blood Pot;Cursed-Blood-Pot
Dappled Cured Meat;Dappled-Cured-Meat
Dappled White Cured Meat;Dappled-White-Cured-Meat
Dewkissed Herba;Dewkissed-Herba
Erdleaf Flower;Erdleaf-Flower
Exalted Flesh;Exalted-Flesh
Eye of Death;Basilisk-Eye
Eye of Yelough;Eye-of-Yelough
Faded Erdleaf Flower;Faded-Erdleaf-Flower
Fetid Pot;Fetid-Pot
Fire Blossom;Fire-Blossom
Fire Grease;Fire-Grease
Fire Pot;Fire-Pot
Firebone Arrow;Firebone-Arrow-(Fletched)
Firebone Bolt;Firebone-Bolt
Fireproof Dried Liver;Fireproof-Dried-Liver
Flight Pinion;Flight-Pinion
Formic Rock;Formic-Rock
Four-Toed Fowl Foot;Four-Toed-Fowl-Foot
Freezing Grease;Freezing-Grease
Freezing Pot;Freezing-Pot
Frenzybone Arrow;Frenzy-arrow
Frenzyflame Stone;Frenzyflame-Stone
Frozen Raisin;Frozen-Raisin
Fulgurbloom;Fulgurbloom
Furlcalling Finger Remedy;
Giantsflame Fire Pot;Giantsflame-Pot
Glintstone Firefly;Glintstone-Firefly
Glowstone;Glowstone
Gold Firefly;Gold-Firefly
Golden Centipede;Golden-Centipede
Golden Rowa;Golden-Rowa
Golden Rune [10000];Golden-Rune-[13]
Golden Rune [2000];Golden-Rune-[6]
Golden Sunflower;Golden-Sunflower
Gold-Pickled Fowl Foot;Gold-Pickled-Fowl-Foot
Gold-Tinged Excrement;Gold-Tinged-Excrement
Grace Mimic;Grace-Mimic
Grave Violet;Grave-Violet
Gravel Stone;Gravel-Stone
Great Dragonfly Head;Great-Dragonfly-Head
Haligbone Arrow;Haligbone-Arrow-(Fletched)
Haligbone Bolt;Haligbone-Bolt
Hefty Beast Bone;Hefty-Beast-Bone
Herba;Herba
Holy Grease;Holy-Grease
Holy Water Pot;Holy-Water-Pot
Holyproof Dried Liver;Holyproof-Dried-Liver
Human Bone Shard;Human-Bone-Shard
Immunizing Cured Meat;Immunizing-Cured-Meat
Immunizing White Cured Meat;Immunizing-White-Cured-Meat
Invigorating Cured Meat;Invigorating-Cured-Meat
Invigorating White Cured Meat;Invigorating-White-Cured-Meat
Ironjar Aromatic;Ironjar-Aromatic
Land Octopus Ovary;Land-Octopus-Ovary
Larval Tear;Larval-Tear
Lightning Grease;Lightning-Grease
Lightning Pot;Lightning-Pot
Lightningbone Arrow;Lightningbone-Arrow-(Fletched)
Lightningbone Bolt;Lightningbone-Bolt
Lightningproof Dried Liver;Lightningproof-Dried-Liver
Living Jar Shard;Living-Jar-Shard
Lump of Flesh;Lump-of-Flesh
Magic Grease;Magic-Grease
Magic Pot;Magic-Pot
Magicbone Arrow;Magicbone-Arrow-(Fletched)
Magicbone Bolt;Magicbone-Bolt
Melted Mushroom;Melted-Mushroom
Miquella's Lily;Miquella_s-Lily
Miranda Powder;Miranda-Powder
Mushroom;Mushroom
Nascent Butterfly;Nascent-Butterfly
Neutralizing Boluses;Neutralizing-Boluses
Oil Pot;Oil-Pot
Old Fang;Old-Fang
Pickled Turtle Neck;Pickled-Turtle-Neck
Poison Grease;Poison-Grease
Poison Pot;Poison-Pot
Poison Spraymist;Poison-Spraymist
Poisonbloom;Poisonbloom
Poisonbone Arrow;Poisonbone-Arrow-(Fletched)
Poisonbone Bolt;Poisonbone-Bolt
Poisonbone Dart;Poisonbone-Dart
Preserving Boluses;Preserving-Boluses
Rainbow Stone;Rainbow-Stone
Rainbow Stone Arrow;Rainbow-Stone-Arrow-(Fletched)
Rancor Pot;Rancor-Pot
Redmane Fire Pot;Redmane-Pot
Rejuvenating Boluses;Rejuvenating-Boluses
Rimed Crystal Bud;Rimed-Crystal-Bud
Rimed Rowa;Rimed-Rowa
Root Resin;Root-Resin
Rot Grease;Rot-Grease
Rot Pot;Rot-Pot
Rotbone Arrow;Rotbone-Arrow-(Fletched)
Rotbone Bolt;Rotbone-Bolt
Rowa Fruit;Rowa-Fruit
Rowa Raisin;Rowa-Raisin
Ruin Fragment;Ruin-Fragment
Rune Arc;Rune-Arc
Sacramental Bud;Sacramental-Bud
Sacred Order Pot;Sacred-Order-Pot
Sanctuary Stone;Sanctuary-Stone
Scriptstone;Scriptstone
Shattershard Arrow;Shattershard-Arrow-(Fletched)
Shield Grease;Shield-Grease
Dragonwound Grease;Dragonwound-Grease
Silver Firefly;Silver-Firefly
Silver Tear Husk;Silver-Tear-Husk
Silver-Pickled Fowl Foot;Silver-Pickled-Fowl-Foot
Sleep Pot;Sleep-Pot
Sleepbone Arrow;Sleepbone-Arrow-(Fletched)
Sleepbone Bolt;Sleepbone-Bolt
Sliver of Meat;Sliver-of-Meat
Slumbering Egg;Slumbering-Egg
Smoldering Butterfly;Smoldering-Butterfly
Soap;Soap
Soft Cotton;Soft-Cotton
Soporific Grease;Soporific-Grease
Spark Aromatic;Spark-Spraymist
Spellproof Dried Liver;Spellproof-Dried-Liver
Stanching Boluses;Staunching-Boluses
Stimulating Boluses;Stimulating-Boluses
Stormhawk Feather;Stormhawk-Feather
Stormwing Bone Arrow;Stormwing-Bone-Arrow
String;String
Strip of White Flesh;Strip-of-White-Flesh
Swarm Pot;Swarm-Pot
Sweet Raisin;Sweet-Raisin
Tarnished Golden Sunflower;Tarnished-Golden-Sunflower
Thawfrost Boluses;Thawfrost-Boluses
Thin Beast Bones;Thin-Animal-Bones
Toxic Mushroom;Toxic-Mushroom
Trina's Lily;Trina_s-Lily
Turtle Neck Meat;Turtle-Neck-Meat
Uplifting Aromatic;Uplifting-Aromatic
Volcanic Stone;Volcanic-Stone
Volcano Pot;Volcano-Pot
Warming Stone;Warming-Stone
Yellow Ember;Yellow-Ember
